"device_type","percentage_of_transaction"
1,0.237705
2,0.190574
3,0.180328
4,0.217213
5,0.174180
